ctime,ba1_cemscom_rin_1_meas,ba1_cems_01_03_rtd,ba1_wincc_l1hlb12mc001_eng_units,ba1_wincc_l1hlb12cf901_eng_units,ba1_wincc_l1hlb12an001_eng_units,ba1_dcs_110113_speed_ro01,ba1_dcs_110113_04_pnt,ba1_dcs_610713_st3_io01,ba1_dcs_610713_st4_io01,ba1_wincc_l1hdk10ty100_eng_units,ba1_dcs_110104_08_pnt,ba1_cems_01_02_rtd,ba1_cemscom_rin_39_meas,ba1_wincc_l1hla32ct101_eng_units,ba1_wincc_l1hlb12cp101_eng_units,ba1_wincc_l1hlb11cp101_eng_units,ba1_wincc_l1hlb11cf901_eng_units,ba1_wincc_l1hlb11an001_eng_units,ba1_dcs_110107_03_pnt,ba1_dcs_610613_06_pnt,ba1_wincc_l1hha10ct101_eng_units,ba1_wincc_l1hdb11cp120_eng_units,ba1_wincc_l1hla41aa011_eng_units,ba1_dcs_110105_04_pnt,ba1_wincc_l1hdb11cp110_eng_units,ba1_wincc_l1hdb12cp110_eng_units,ba1_wincc_l1hlb11mc001_eng_units,ba1_dcs_110104_03_pnt,ba1_wincc_l1hdb12cp120_eng_units,ba1_wincc_l1output_speed_grate5,ba1_gf_d_fi104,ba1_cems_01_04_rtd,ba1_scr001_xm5102ai_meas,ba1_sncr_tpur_p1_run,ba1_dcs_110105_02_pnt,ba1_sncr_tpur_p2_run,ba1_dcs_610613_07_pnt,ba1_cemscom_rin_5_meas,ba1_wincc_l1hlb17an001_eng_units,ba1_dcs_610621_co2_ro01,ba1_dcs_110107_07_pnt,ba1_scr001_tt5104_meas,ba1_dcs_110111_02_pnt,ba1_wincc_l1hlb13cp101_eng_units,ba1_dcs_110112_04_pnt,ba1_wincc_l1hla17cf101_eng_units,ba1_wincc_l1hlb13an001_eng_units,ba1_scr001_tt5107_meas,ba1_sncr_s4puair_p_pv,ba1_wincc_l1hlb13cf901_eng_units
2021/6/12 0:00,65,85.63200378,78.76644135,23673.29688,892.9890137,1187.460083,303.3511658,8,4,1018.077637,365.2984009,0.289999992,0.165689692,188.2505188,1175.021729,1147.93103,17202.19727,819.2780762,1.393007755,33.77929688,553.862854,109.2303238,97.97092438,141.1916809,571.831604,500.9403687,43.1495018,353.3296509,502.387146,5,2.546296358,0.163000003,6.589988708,1,232.0884247,0,0.404343784,2.471041679,371.124115,6.905055046,-330.3515625,184.3999939,7.928446293,268.5750122,2.511796713,9626.889648,304.5326843,127.7999954,2.1658988,1346.693604
2021/6/12 0:00,63.5,85.63200378,78.76644135,23676.08008,893.0960083,1177.361938,300.9804077,8,4,1018.021362,365.3605347,0.289999992,0.179455087,188.3047485,1172.236694,1150.716064,17204.41602,819.3850708,1.406953096,33.77929688,553.862854,108.8686371,97.97814941,141.2848816,571.831604,530.598938,43.01233292,352.9081421,504.557312,5,2.546296358,0.163000003,6.553819656,1,232.0884247,0,0.404343784,2.313354731,372.9441833,6.944625854,-334.21875,184.3999939,7.925620556,268.5750122,2.447226524,9665.00293,304.5862122,127.7999954,2.153691292,1346.918701
2021/6/12 0:00,63.5,85.63200378,78.78157043,23673.29688,892.9890137,1178.409546,306.1631775,8,4,1017.965149,365.2984009,0.289999992,0.180431649,188.3047485,1170.464478,1145.399292,17202.19727,819.2780762,1.445156217,33.77929688,554.036438,109.2303238,97.98176575,141.3159485,565.6828613,478.515625,43.29038239,352.3777161,498.7702637,5,2.314814806,0.163000003,6.618923664,1,232.1194763,0,0.404343784,2.334485769,373.1047363,6.962816238,-334.8046875,184.3999939,7.957435608,268.5750122,2.490351439,9663.192383,304.5326843,127.7999954,2.1658988,1347.818726
2021/6/12 0:00,63.75,85.63200378,78.57975006,23677.47266,893.1495972,1177.332764,296.9570923,8,4,1017.908813,365.2673645,0.289999992,0.152954295,188.2957153,1167.172974,1139.829224,17206.63477,819.4921875,1.454062462,33.77929688,553.819458,107.421875,97.97454071,141.3780823,552.6620483,479.9623718,43.29038239,351.8669434,483.940979,5,2.77777791,0.163000003,6.575520992,1,232.1194763,0,0.404343784,2.352474451,373.0512085,6.958228111,-334.21875,184.3999939,8.036480904,269.1731567,2.46703124,9655.942383,304.5326843,127.7999954,2.161015749,1348.493896
2021/6/12 0:00,64,83.09999847,78.95816803,23670.51172,892.881958,1173.229492,295.5207825,8,4,1017.853943,365.2673645,0.219999999,0.195268437,188.3861389,1161.856201,1134.765625,17205.52539,819.4386597,1.477617145,33.77929688,553.819458,105.6134262,97.96730042,141.4454803,545.4282227,487.9195557,43.28667831,351.3067932,481.770813,5,2.546296358,0.153999999,6.561053753,1,232.1247864,0,0.404343784,2.338910818,372.9441833,6.943734169,-337.2070313,184.3999939,8.039871216,269.1731567,2.478867054,9665.00293,304.4256287,127.7999954,2.175664663,1347.368774
2021/6/12 0:00,64.5,83.09999847,78.95816803,23671.9043,892.9354858,1171.716187,293.885498,8,4,1017.80896,365.2362671,0.219999999,0.196551591,188.3861389,1158.817993,1131.221069,17204.41602,819.3850708,1.483945251,33.77929688,553.819458,105.6134262,97.94198608,141.4765472,541.8113403,468.75,43.37935638,350.7713318,477.7922363,5,2.546296358,0.153999999,6.618923664,1,232.1247864,0,0.404343784,2.346968651,373.2118225,6.943283558,-339.1992188,184.3999939,8.16600132,267.9768372,2.473828077,9663.192383,304.4256287,127.7999954,2.170781612,1347.368774
2021/6/12 0:01,64.5,83.09999847,78.953125,23669.11719,892.8283691,1181.203247,303.506897,8,4,1017.8526,365.3605347,0.219999999,0.225126401,188.4403992,1152.488403,1124.638306,17201.08789,819.2245483,1.498359323,33.77929688,553.862854,104.1666718,97.97814941,141.5334015,534.2158813,489.3663025,43.27925873,350.2903137,466.5798645,5,2.546296358,0.153999999,6.553819656,1,232.1816101,0,0.404343784,2.35442853,373.1582642,6.952379227,-330.2929688,184.3999939,8.16600132,268.5750122,2.489648342,9606.867188,304.5326843,127.7999954,2.153691292,1347.143555
2021/6/12 0:01,64,83.09999847,78.96321869,23669.11719,892.8283691,1191.476196,300.6775818,8,4,1017.797729,365.3605347,0.219999999,0.169529796,188.4313507,1152.235229,1124.638306,17204.41602,819.3850708,1.514882803,33.77929688,553.90625,103.4432831,97.98900604,141.5955353,533.854187,470.5584412,43.41643143,349.7845764,466.9415588,5,2.546296358,0.153999999,6.553819656,1,232.1816101,0,0.404343784,2.546622038,373.2118225,6.932892799,-320.2148438,184.3999939,8.226241112,267.9768372,2.474179745,9541.041016,304.3721008,127.7999954,2.175664663,1346.918701
2021/6/12 0:01,64.5,83.09999847,78.95816803,23671.9043,892.9354858,1185.539429,298.4712524,8,4,1017.853577,365.2362671,0.219999999,0.213220626,188.485611,1155.273438,1121.853271,17203.30859,819.331665,1.514882803,33.77929688,553.90625,101.6348419,97.97454071,141.6212921,530.2372437,466.5798645,43.42013931,349.2244263,464.7714233,5,2.314814806,0.153999999,6.561053753,1,232.2073822,0,0.404343784,2.560319901,370.9100342,6.916302204,-324.375,184.3999939,8.285349846,268.5750122,2.484843731,9568.523438,304.4256287,127.7999954,2.1658988,1347.143555
2021/6/12 0:01,65,83.09999847,78.78157043,23678.86523,893.203125,1185.481201,299.258606,8,4,1017.797729,365.3294678,0.219999999,0.227682024,188.4313507,1159.071167,1126.157349,17196.65039,819.010437,1.531288981,33.77929688,554.12323,103.4432831,97.97454071,141.6265869,535.6625977,455.729187,43.4238472,348.7434082,472.3668823,5,1.851851821,0.153999999,6.626157284,1,232.2126923,0,0.404343784,2.558231592,373.1047363,6.908297539,-328.0664063,184.6000061,8.35350132,267.9768372,2.464804649,9588.62793,304.5326843,128,2.148808241,1346.918701
2021/6/12 0:01,65.5,82.41300201,78.94303894,23676.08008,893.0960083,1187.314575,298.1164856,8,4,1017.797729,365.3294678,0.219999999,0.202006176,188.5308228,1160.083862,1122.866089,17202.19727,819.2780762,1.533632755,33.77929688,554.079895,103.4432831,97.98176575,141.6008148,532.4074097,447.0486145,43.6944809,348.2377014,470.5584412,5,2.546296358,0.172000006,6.611690044,1,232.1558533,0,0.404343784,2.590535641,371.1776733,6.92427969,-330.8203125,184.6000061,8.410349846,267.9768372,2.472070217,9615.973633,304.479187,128,2.161015749,1347.143555
2021/6/12 0:01,65.5,82.41300201,78.76644135,23666.33398,892.7213745,1189.87561,299.7950439,8,4,1017.752625,365.2673645,0.219999999,0.229697943,188.4765625,1168.185791,1121.09375,17206.63477,819.4921875,1.540898442,33.77929688,554.12323,101.27314,97.98176575,141.6265869,526.6203613,450.3038025,43.5573082,347.7073059,462.9629517,5,2.314814806,0.172000006,6.589988708,1,232.1505432,0,0.404343784,2.593953371,371.0706177,6.910433769,-328.7695313,184.6000061,8.414871216,269.1731567,2.516367197,9608.689453,304.5862122,128,2.156132698,1348.043701
2021/6/12 0:02,65.5,82.41300201,78.77653503,23673.29688,892.9890137,1183.473267,300.7640991,8,4,1017.696045,365.2673645,0.219999999,0.201284111,188.4765625,1168.438843,1120.334229,17201.08789,819.2245483,1.540664077,33.77929688,554.340271,101.6348419,97.98900604,141.6008148,526.6203613,474.175354,43.41272354,347.1718445,464.7714233,5,2.083333492,0.172000006,6.546586037,1,232.1247864,0,0.404343784,2.57963109,373.2118225,6.922514439,-336.9726563,184.6000061,8.475111008,268.5750122,2.468437433,9675.865234,304.63974,128,2.153691292,1347.143555
2021/6/12 0:02,67.5,82.41300201,78.76139069,23671.9043,892.9354858,1185.481201,300.7381592,8,4,1017.628845,365.3294678,0.219999999,0.203933254,188.5217743,1169.704834,1116.536377,17201.08789,819.2245483,1.539609313,33.77929688,554.340271,101.9965286,97.98176575,141.6008148,522.6417847,429.3258057,43.71301651,346.7205505,462.9629517,5,2.314814806,0.172000006,6.618923664,1,232.0937042,0,0.404343784,2.504816532,373.1047363,6.659353733,-334.1015625,184.6000061,8.54100132,267.9768372,2.466913939,9655.942383,304.8538818,128,2.148808241,1348.268799
2021/6/12 0:02,67,82.41300201,78.37287903,23669.11719,892.8283691,1185.975952,300.8246765,8,4,1017.572571,365.3605347,0.219999999,0.174625695,188.5127258,1169.45166,1109.953735,17203.30859,819.331665,1.538085938,33.77929688,554.557312,99.46469879,97.98900604,141.6212921,511.4293823,447.7720032,43.5573082,346.3040771,451.3888855,5,2.314814806,0.172000006,6.618923664,1,232.1141815,0,0.404343784,2.500452042,373.1582642,6.672664642,-330.234375,184.6000061,8.535349846,267.9768372,2.44312501,9606.867188,304.3721008,128,2.1658988,1348.043701
2021/6/12 0:02,66.5,82.41300201,78.39811707,23669.11719,892.8283691,1183.298584,293.4355774,8,4,1017.527527,365.3605347,0.219999999,0.215090916,188.6031494,1170.464478,1115.017334,17203.30859,819.331665,1.535624981,33.77929688,554.513855,101.6348419,97.98900604,141.5644684,518.663208,463.324646,43.5573082,345.9173584,457.1759338,5,2.546296358,0.172000006,6.546586037,1,232.0884247,0,0.404343784,2.498498201,373.2118225,6.681152344,-334.7460938,184.6000061,8.418262482,267.9768372,2.511796713,9643.243164,304.4256287,128,2.156132698,1347.593628
2021/6/12 0:02,66,84.05799866,78.40315247,23676.08008,893.0960083,1192,302.9098816,8,4,1017.527222,365.3605347,0.239999995,0.199548751,188.5579376,1176.034424,1120.840576,17203.30859,819.331665,1.529765606,33.77929688,554.774292,101.6348419,97.97454071,141.5644684,526.6203613,472.3668823,43.41643143,345.500885,464.409729,5,2.314814806,0.189999998,6.597222328,1,232.0262756,0,0.404343784,2.464454889,373.2653198,6.682536602,-330.234375,184.6000061,8.348980904,267.9768372,2.505820274,9610.509766,304.4256287,128,2.156132698,1347.368774
2021/6/12 0:02,65.5,84.05799866,78.59488678,23673.29688,892.9890137,1184.171631,295.8236084,8,4,1017.414978,365.2673645,0.239999995,0.169701472,188.6121979,1178.31311,1121.853271,17207.74414,819.5457153,1.532929659,33.77929688,554.730896,103.4432831,97.98538971,141.5334015,530.2372437,462.6012573,43.56101608,345.089447,470.5584412,5,3.009259224,0.189999998,6.611690044,1,232.0262756,0,0.404343784,2.446849108,373.2118225,6.681249142,-335.2734375,184.6000061,8.221719742,268.5750122,2.504882813,9665.00293,304.6932983,128,2.156132698,1347.593628
2021/6/12 0:03,65.5,84.05799866,78.40315247,23674.68945,893.0426025,1191.505249,311.2853699,8,4,1017.403748,365.2362671,0.239999995,0.197325766,188.6302795,1185.149048,1119.574585,17208.85742,819.5993042,1.525546789,33.77929688,554.774292,101.6348419,97.98176575,141.5023346,524.4502563,449.9421387,43.56472397,344.7325134,466.5798645,5,3.472222328,0.189999998,6.618923664,1,231.9952393,0,0.404343784,2.436212778,371.124115,6.662262917,-334.8046875,184.6000061,8.159219742,268.5750122,2.439023495,9655.942383,304.3721008,128,2.148808241,1346.018555
2021/6/12 0:03,65,84.05799866,78.59488678,23671.9043,892.9354858,1189.497192,297.5281372,8,4,1017.358704,365.3916016,0.239999995,0.182916448,188.6574097,1187.93396,1119.068237,17199.97852,819.1710205,1.523554683,33.77929688,554.991333,101.6348419,97.99262238,141.4712677,520.833313,448.1336975,43.5573082,344.4299622,458.984375,5,2.083333492,0.189999998,6.561053753,1,231.9641571,0,0.404343784,1.829542875,373.372406,6.676417351,-335.859375,184.6000061,8.158089638,268.5750122,2.515781164,9674.056641,304.5326843,128,2.1658988,1347.593628
2021/6/12 0:03,65,84.05799866,78.57470703,23683.04102,893.3636475,1191.505249,302.3301697,8,4,1017.30249,365.3294678,0.239999995,0.210985631,188.6574097,1190.46582,1119.321411,17208.85742,819.5993042,1.52039063,33.77929688,554.947876,101.27314,97.98176575,141.4402161,523.003479,431.1342468,43.6944809,344.1077881,460.7928162,5,3.472222328,0.189999998,6.597222328,1,231.9330902,0,0.404343784,1.815992594,372.9441833,6.679614544,-330.234375,184.6000061,8.162611008,268.5750122,2.52949214,9643.243164,304.6932983,128,2.173223019,1348.268799
2021/6/12 0:03,65.5,84.05799866,78.76139069,23666.33398,892.7213745,1187.460083,303.1434937,8,4,1017.223694,365.2673645,0.239999995,0.199214771,188.7026062,1178.566284,1111.472778,17202.19727,819.2780762,1.518164039,33.77929688,555.208313,98.37962341,97.98176575,141.3833466,510.7059937,438.7297363,43.6944809,343.869812,446.3252563,5,1.851851821,0.189999998,6.611690044,1,231.9073181,0,0.404343784,1.848206162,373.1582642,6.676823139,-334.8046875,184.6000061,8.222849846,268.5750122,2.481093645,9654.128906,304.6932983,128,2.175664663,1347.143555
2021/6/12 0:03,65.5,84.05799866,78.77653503,23676.08008,893.0960083,1199.595459,303.5588074,8,4,1017.25708,365.2673645,0.239999995,0.212135181,188.6483612,1176.034424,1107.421875,17206.63477,819.4921875,1.518984318,33.77929688,555.164917,97.65625,97.97454071,141.4091339,507.4508057,449.9421387,43.5573082,343.6020508,440.5381775,5,2.314814806,0.189999998,6.539351463,1,231.8709717,0,0.404343784,1.837966442,371.0170593,6.677912712,-324.1992188,184.6000061,8.287611008,268.5750122,2.47441411,9561.203125,304.6932983,128,2.1658988,1346.918701
2021/6/12 0:03,65.5,84.05799866,78.58984375,23677.47266,893.1495972,1205.619507,310.0394287,8,4,1017.246155,365.3294678,0.239999995,0.212218001,188.7026062,1181.351318,1112.485474,17198.86914,819.1174316,1.517226577,33.77929688,555.164917,99.82639313,97.99985504,141.321228,513.237854,438.7297363,43.69818497,343.4185181,449.5804443,5,2.314814806,0.189999998,6.618923664,1,231.8451996,0,0.404343784,1.856901765,372.9976807,6.679686069,-319.5703125,184.3999939,8.292132378,269.1731567,2.449921846,9531.862305,304.3721008,127.7999954,2.170781612,1347.593628
2021/6/12 0:04,65.5,84.05799866,78.39811707,23677.47266,893.1495972,1207.598389,316.1652832,8,4,1017.17865,365.3605347,0.239999995,0.185341835,188.747818,1182.364014,1108.687744,17205.52539,819.4386597,1.516288996,33.85742188,555.164917,97.29456329,97.98176575,141.3159485,507.0891113,433.6660767,43.69818497,343.1855774,444.5167542,5,2.314814806,0.189999998,6.597222328,1,231.8709717,0,0.404343784,1.85144949,371.1776733,6.686112881,-319.0429688,184.3999939,8.283089638,268.5750122,2.469257832,9548.376953,304.5862122,127.7999954,2.185430527,1347.593628
2021/6/12 0:04,68.5,83.96800232,78.22151947,23673.29688,892.9890137,1206.900024,324.3763428,8,4,1017.201172,365.3916016,0.239999995,0.198894143,188.747818,1194.516724,1118.055542,17204.41602,819.3850708,1.510429621,33.85742188,555.425354,101.9965286,97.98900604,141.3159485,524.8119507,455.729187,43.5573082,342.9476013,460.7928162,5,2.77777791,0.144999996,6.589988708,1,231.8398895,0,0.404343784,2.474003077,373.3188782,6.740747929,-318.9257813,184.3999939,8.219459534,268.5750122,2.489531279,9524.512695,304.7468262,127.7999954,2.175664663,1347.818726
2021/6/12 0:04,68.5,83.96800232,78.21142578,23680.25977,893.2566528,1199.217163,308.1878052,8,4,1017.111267,365.3605347,0.239999995,0.199121267,188.7116547,1192.997681,1115.523682,17203.30859,819.331665,1.513242126,33.85742188,555.642334,100.1880798,97.99262238,141.2538147,516.8547363,455.3674927,43.55360413,342.7938232,455.3674927,5,2.77777791,0.144999996,6.539351463,1,231.8398895,0,0.404343784,2.496678352,372.9976807,6.77671051,-328.5351563,184.3999939,8.221719742,267.9768372,2.47441411,9579.495117,304.63974,127.7999954,2.175664663,1348.043701
2021/6/12 0:04,68,83.96800232,78.21142578,23676.08008,893.0960083,1201.603516,310.4114685,8,4,1017.133301,365.3605347,0.239999995,0.196468756,188.7568665,1198.314575,1109.953735,17201.08789,819.2245483,1.509374976,33.8671875,555.598938,99.82639313,97.98538971,141.2538147,509.6209412,443.793396,43.69818497,342.6450806,445.963562,5,2.546296358,0.144999996,6.597222328,1,231.8398895,0,0.404343784,2.483114719,373.1047363,6.779634953,-329.7070313,184.6000061,8.164871216,267.9768372,2.498203039,9581.321289,304.63974,128,2.180547476,1346.918701
2021/6/12 0:04,68,87.89199829,78.38802338,23677.47266,893.1495972,1205.590454,310.6796875,8,4,1016.998596,365.2673645,0.239999995,0.210010394,188.7930298,1198.061401,1112.738647,17203.30859,819.331665,1.511835933,33.85742188,555.859375,100.1880798,97.98176575,141.2227478,513.5995483,454.644104,43.56472397,342.5260925,451.7505798,5,2.546296358,0.153999999,6.589988708,1,231.8709717,0,0.404343784,2.459707499,373.1047363,6.761000156,-330.46875,184.3999939,8.097849846,268.5750122,2.517187357,9599.576172,304.318573,127.7999954,2.180547476,1347.143555
2021/6/12 0:04,67.5,87.89199829,78.39811707,23676.08008,893.0960083,1199.566406,306.4919739,8,4,1016.964783,365.3294678,0.239999995,0.180672094,188.8292084,1192.997681,1110.206909,17208.85742,819.5993042,1.512304664,33.85742188,555.815979,99.82639313,97.98538971,141.2227478,511.4293823,430.0491943,43.6944809,342.4121399,446.3252563,5,2.314814806,0.153999999,6.553819656,1,231.8709717,0,0.404343784,2.43938899,373.0512085,6.740450859,-336.9726563,184.3999939,8.04100132,268.5750122,2.478867054,9628.708008,304.63974,127.7999954,2.170781612,1347.143555
2021/6/12 0:05,67,87.89199829,78.57975006,23669.11719,892.8283691,1201.603516,311.6401062,8,4,1016.852234,365.3916016,0.239999995,0.179612711,188.7839966,1189.199951,1104.636841,17202.19727,819.2780762,1.511953115,33.85742188,556.032959,98.01793671,97.97814941,141.2538147,502.0254517,440.1765137,43.69818497,342.3526611,436.9212952,5,2.546296358,0.153999999,6.539351463,1,231.8709717,0,0.404343784,2.43151927,372.9976807,6.728097916,-338.1445313,184.3999939,7.922229767,268.5750122,2.45917964,9628.708008,304.4256287,127.7999954,2.192754984,1347.593628
2021/6/12 0:05,65.5,87.89199829,78.76644135,23677.47266,893.1495972,1203.582397,308.7934875,8,4,1016.728455,365.2673645,0.239999995,0.177034378,188.8382568,1185.402222,1107.421875,17199.97852,819.1710205,1.511835933,33.85742188,556.25,97.65625,97.92389679,141.2280273,505.6423645,437.2829895,43.70189667,342.384613,441.9849548,5,2.546296358,0.153999999,6.611690044,1,231.8451996,0,0.404343784,2.483061075,372.9976807,6.752530098,-339.0234375,184.3999939,7.799490452,268.5750122,2.473124981,9646.874023,304.3721008,127.7999954,2.212286711,1346.918701
2021/6/12 0:05,65,87.89199829,78.58984375,23677.47266,893.1495972,1202.883911,310.0134583,8,4,1016.627075,365.2984009,0.239999995,0.174916923,188.8744202,1182.364014,1103.624146,17202.19727,819.2780762,1.514179707,33.85742188,556.46698,98.37962341,97.98176575,141.2848816,502.0254517,440.1765137,43.6944809,342.2931519,436.5596313,5,2.314814806,0.153999999,6.597222328,1,231.9020233,0,0.404343784,2.452569723,373.1047363,6.799944878,-342.1289063,184.3999939,7.644935608,268.5750122,2.483437538,9657.753906,304.2115173,127.7999954,2.180547476,1347.368774
2021/6/12 0:05,64,87.89199829,78.76644135,23676.08008,893.0960083,1201.690796,314.2098389,8,4,1016.514282,365.3294678,0.239999995,0.147135004,188.8834686,1181.098022,1108.687744,17199.97852,819.1710205,1.516288996,33.85742188,556.684021,98.01793671,98.00708771,141.3159485,509.2592468,442.3466187,43.5573082,342.2931519,445.6018677,5,2.083333492,0.153999999,6.539351463,1,231.8709717,0,0.404343784,2.413235188,373.0512085,6.811234951,-340.9570313,184.6000061,7.454609871,268.5750122,2.52691412,9665.00293,304.5862122,128,2.190313578,1347.143555
2021/6/12 0:05,63.75,87.36799622,78.5091095,23669.11719,892.8283691,1201.603516,307.3052673,8,4,1016.356689,365.3916016,0.159999996,0.19772923,188.8834686,1178.566284,1099.320068,17203.30859,819.331665,1.593398452,33.85742188,556.727417,96.20948792,97.98538971,141.321228,496.9618225,419.5601807,43.83164978,342.3475952,430.7725525,5,2.314814806,0.163000003,6.582755089,1,231.8451996,0,0.404343784,2.377889395,373.0512085,6.801178932,-343.1835938,184.6000061,7.362555504,268.5750122,2.516367197,9692.134766,304.2650452,128,2.19519639,1348.043701
2021/6/12 0:05,63.25,87.36799622,78.58984375,23681.65234,893.3102417,1195.579468,304.5019226,8,4,1016.176941,365.3605347,0.159999996,0.210488647,188.9286804,1174.515381,1091.724487,17199.97852,819.1710205,1.656328082,33.85742188,556.727417,94.03934479,97.98538971,141.3780823,485.026062,423.177063,43.82794189,342.4121399,417.7517395,5,2.083333492,0.163000003,6.597222328,1,231.8398895,0,0.404343784,2.372329712,373.0512085,6.808928967,-348.8671875,184.6000061,7.238120556,268.5750122,2.500898361,9719.191406,304.4256287,128,2.192754984,1347.818726
2021/6/12 0:06,63.25,87.36799622,78.58480072,23678.86523,893.203125,1199.566406,303.9135742,8,4,1015.997009,365.2673645,0.159999996,0.20921953,188.9286804,1174.515381,1095.522339,17203.30859,819.331665,1.661601543,33.85742188,556.857605,94.03934479,97.97454071,141.4091339,490.8130798,432.2193298,43.56101608,342.4963379,425.347229,5,1.851851821,0.163000003,6.553819656,1,231.8709717,0,0.404343784,2.366387129,373.0512085,6.789404392,-345.9960938,184.3999939,7.205174923,267.9768372,2.449921846,9708.376953,304.479187,127.7999954,2.192754984,1348.268799
2021/6/12 0:06,62.5,87.36799622,78.39811707,23671.9043,892.9354858,1201.603516,310.2989807,8,4,1015.839233,365.3605347,0.159999996,0.183267817,188.9286804,1178.566284,1094.003174,17204.41602,819.3850708,1.65925777,33.85742188,556.944458,94.40104675,97.99262238,141.4402161,489.0046387,414.1348267,43.82794189,342.5608826,423.5387573,5,1.851851821,0.163000003,6.524883747,1,231.8709717,0,0.404343784,2.178235769,373.1582642,6.810638905,-342.0703125,184.6000061,7.172229767,267.9768372,2.467968702,9702.964844,304.5326843,128,2.200079441,1348.268799
2021/6/12 0:06,62.5,87.36799622,78.56965637,23667.72656,892.7748413,1199.566406,301.5082092,8,4,1015.670471,365.3916016,0.159999996,0.195507571,189.0100555,1179.832153,1090.458618,17202.19727,819.2780762,1.78429687,33.85742188,557.335083,92.23090363,97.98538971,141.4712677,482.4942017,440.1765137,43.69077301,342.6450806,417.7517395,5,2.314814806,0.163000003,6.589988708,1,231.8709717,0,0.404343784,2.187300682,373.1582642,7.254699707,-345.46875,184.6000061,7.147761345,268.5750122,2.515312433,9740.779297,304.479187,128,2.185430527,1348.043701
2021/6/12 0:06,62.5,87.36799622,78.38297272,23674.68945,893.0426025,1199.566406,310.3076477,8,4,1015.501648,365.2673645,0.159999996,0.170464948,189.019104,1187.93396,1097.294556,17207.74414,819.5457153,1.722539067,33.85742188,557.335083,95.48610687,97.97454071,141.4765472,494.4299927,415.9432983,43.83164978,342.7045593,428.9641113,5,2.083333492,0.163000003,6.611690044,1,231.8141327,0,0.404343784,2.194760799,373.0512085,7.272626877,-345.46875,184.6000061,7.208566189,268.5750122,2.494570255,9738.982422,304.63974,128,2.192754984,1347.593628
2021/6/12 0:06,62.75,86.46399689,78.39306641,23671.9043,892.9354858,1199.566406,307.4091187,8,4,1015.389038,365.2673645,0.330000013,0.196738616,189.019104,1189.453125,1095.522339,17203.30859,819.331665,1.711874962,33.85742188,557.552063,95.84780121,97.98538971,141.5023346,492.9831848,442.3466187,43.69077301,342.7938232,427.1556702,5,1.851851821,0.163000003,6.539351463,1,231.8709717,0,0.404343784,2.173058987,373.0512085,7.262319088,-343.7695313,184.6000061,7.238685608,267.9768372,2.499960899,9728.191406,304.479187,128,2.192754984,1348.71875
2021/6/12 0:06,62.75,86.46399689,78.0247345,23678.86523,893.203125,1203.582397,308.2570496,8,4,1015.220337,365.2673645,0.330000013,0.171456873,189.019104,1194.516724,1106.40918,17205.52539,819.4386597,1.710820317,33.85742188,557.8125,98.01793671,97.99262238,141.4712677,509.2592468,470.5584412,43.41643143,342.8533325,445.963562,5,1.851851821,0.163000003,6.582755089,1,231.8398895,0,0.404343784,2.203496695,372.890625,7.268718243,-342.5390625,184.3999939,7.271631241,269.1731567,2.466913939,9692.134766,304.5326843,127.7999954,2.175664663,1347.368774
2021/6/12 0:07,63.25,86.46399689,78.7462616,23671.9043,892.9354858,1198.344116,293.4788513,8,4,1015.073975,365.3605347,0.330000013,0.226518437,189.0643158,1189.453125,1099.320068,17209.96289,819.65271,1.712578058,33.85742188,557.725708,96.20948792,97.98176575,141.4712677,500.5787048,446.3252563,43.6944809,342.9476013,434.3894348,5,2.314814806,0.163000003,6.611690044,1,231.8709717,0,0.403328151,2.206343651,373.1047363,7.295074463,-343.5351563,184.3999939,7.364816189,267.9768372,2.464921713,9719.191406,304.63974,127.7999954,2.173223019,1346.468506
2021/6/12 0:07,63.75,86.5,78.40820313,23674.68945,893.0426025,1203.407837,298.947113,8,4,1014.96106,365.3916016,0.270000011,0.239359364,189.0552673,1191.731689,1102.105103,17203.30859,819.331665,1.709531188,33.85742188,557.769104,96.20948792,97.98538971,141.3833466,502.387146,439.0914307,43.69818497,343.0020447,439.0914307,5,2.314814806,0.163000003,6.539351463,1,231.8451996,0,0.403328151,2.232765675,373.0512085,7.264548302,-342.0703125,184.3999939,7.393805504,268.5750122,2.479101419,9693.941406,304.3721008,127.7999954,2.192754984,1348.043701
2021/6/12 0:07,62.75,86.5,78.40315247,23670.51172,892.881958,1203.582397,308.4300842,8,4,1014.781006,365.2673645,0.270000011,0.173971087,189.0552673,1191.984985,1105.90271,17207.74414,819.5457153,1.713750005,33.85742188,558.02948,98.01793671,97.98538971,141.3780823,505.6423645,417.7517395,43.83536148,343.0071106,442.3466187,5,2.314814806,0.163000003,6.626157284,1,231.9020233,0,0.403328151,2.226010799,371.2311707,7.41096735,-342.0703125,184.3999939,7.48925066,268.5750122,2.509687424,9690.329102,304.479187,127.7999954,2.173223019,1347.368774
2021/6/12 0:07,63.25,86.5,78.39811707,23671.9043,892.9354858,1193.600586,306.414093,8,4,1014.612427,365.2984009,0.270000011,0.175654352,189.0552673,1185.149048,1101.092285,17205.52539,819.4386597,1.7109375,33.85742188,557.986084,96.20948792,97.99985504,141.321228,500.2170105,430.4108887,43.6944809,343.061554,434.7511292,5,2.314814806,0.163000003,6.589988708,1,231.8762512,0,0.403328151,2.231328726,373.0512085,7.415251255,-348.2226563,184.3999939,7.615946293,268.5750122,2.442773342,9719.191406,304.318573,127.7999954,2.175664663,1347.368774
2021/6/12 0:07,63.75,86.51799774,78.38297272,23678.86523,893.203125,1193.513306,304.1558228,8,4,1014.443665,365.2673645,0.330000013,0.203600615,189.1004791,1183.883057,1100.839111,17205.52539,819.4386597,1.703671813,33.85742188,558.02948,96.20948792,97.98176575,141.3159485,499.8553162,439.8148193,43.6944809,343.0665894,436.5596313,5,2.546296358,0.144999996,6.553819656,1,231.9020233,0,0.404437512,2.244348526,373.1047363,7.4272995,-353.90625,184.3999939,7.677881241,268.5750122,2.46832037,9747.964844,304.63974,127.7999954,2.185430527,1347.368774
2021/6/12 0:07,63.75,86.51799774,78.59488678,23674.68945,893.0426025,1197.616577,310.3076477,8,4,1014.207397,365.2984009,0.330000013,0.204816297,189.1456909,1183.883057,1099.573242,17201.08789,819.2245483,1.581445336,33.85742188,558.246521,96.57118225,97.97814941,141.2227478,498.046875,422.0920105,43.6944809,343.1507874,435.112854,5,2.546296358,0.144999996,6.582755089,1,231.9020233,0,0.404437512,2.258207321,372.9976807,7.410931587,-348.28125,184.3999939,7.675620556,264.9860535,2.52386713,9722.791016,304.479187,127.7999954,2.175664663,1346.918701
2021/6/12 0:08,63.75,86.51799774,78.38802338,23683.04102,893.3636475,1197.092773,306.0939636,8,4,1014.051208,365.3916016,0.330000013,0.231572911,189.1547241,1182.364014,1099.573242,17206.63477,819.4921875,1.577695251,33.85742188,558.376709,95.84780121,98.02516937,141.1606293,496.2384338,444.1550598,43.56843185,343.2102966,433.3043823,5,2.314814806,0.144999996,6.618923664,1,231.9020233,0,0.404437512,2.264854908,372.890625,7.454715252,-348.2226563,184.3999939,7.709131241,268.5750122,2.468437433,9729.991211,304.63974,127.7999954,2.1658988,1347.593628
2021/6/12 0:08,64,84.88999939,78.57470703,23677.47266,893.1495972,1191.505249,297.0436096,8,4,1013.847961,365.2673645,0.239999995,0.163026512,189.2089844,1178.566284,1098.307373,17199.97852,819.1710205,1.577695251,33.85742188,558.680542,96.20948792,97.98538971,141.1242371,496.6001282,419.5601807,43.82794189,343.2450867,434.3894348,5,2.314814806,0.163000003,6.582755089,1,231.9277802,0,0.404437512,2.238432884,373.1047363,7.41057539,-351.6210938,184.6000061,7.706305504,268.5750122,2.448281288,9769.492188,304.4256287,128,2.173223019,1346.918701
2021/6/12 0:08,65,84.88999939,78.58480072,23678.86523,893.203125,1203.582397,306.7082825,8,4,1013.779602,365.2673645,0.239999995,0.217672586,189.1999359,1180.085327,1095.522339,17206.63477,819.4921875,1.579453111,33.85742188,558.463501,94.03934479,97.98900604,141.0363617,490.4513855,414.1348267,43.83536148,343.3292847,427.1556702,5,2.314814806,0.163000003,6.618923664,1,231.9020233,0,0.404437512,2.095826864,371.2311707,7.155872345,-342.5976563,184.3999939,7.676185608,269.1731567,2.491992235,9720.991211,304.5862122,127.7999954,2.173223019,1347.368774
2021/6/12 0:08,65,84.88999939,78.40820313,23669.11719,892.8283691,1195.550415,303.5242004,8,4,1013.544434,365.3294678,0.239999995,0.190384299,189.2451477,1180.085327,1099.573242,17204.41602,819.3850708,1.558945298,33.85742188,558.637146,95.84780121,97.98176575,140.9484406,496.2384338,417.3900452,43.83536148,343.3641052,432.5809937,5,2.314814806,0.163000003,6.597222328,1,231.8762512,0,0.404437512,2.097995758,373.1047363,7.148634911,-344.1796875,184.3999939,7.648326397,268.5750122,2.463398457,9729.991211,304.5326843,127.7999954,2.161015749,1347.593628
2021/6/12 0:08,65,87.31300354,78.21646881,23673.29688,892.9890137,1208.413208,325.3973389,8,4,1013.486877,365.3916016,0.270000011,0.230248347,189.2451477,1188.946655,1103.370972,17206.63477,819.4921875,1.547578096,33.85742188,558.940979,96.57118225,97.99262238,140.943161,499.8553162,433.6660767,43.6944809,343.4185181,440.1765137,5,2.546296358,0.180999994,6.611690044,1,231.9020233,0,0.403390646,2.088991404,373.1582642,7.136939526,-333.046875,184.3999939,7.613120556,268.5750122,2.477460861,9645.058594,304.3721008,127.7999954,2.185430527,1347.593628
2021/6/12 0:08,65,87.31300354,78.38802338,23677.47266,893.1495972,1197.616577,297.7011719,8,4,1013.385315,365.2673645,0.270000011,0.202291399,189.2451477,1186.414917,1094.256348,17203.30859,819.331665,1.53515625,33.85742188,558.897583,94.03934479,97.98900604,140.8810425,489.0046387,413.411438,43.83906555,343.4780273,427.5173645,5,2.314814806,0.180999994,6.626157284,1,231.9020233,0,0.403390646,2.090106249,372.8370667,7.140505791,-343.5351563,184.3999939,7.614816189,268.5750122,2.482148409,9720.991211,304.3721008,127.7999954,2.153691292,1346.918701
2021/6/12 0:09,65,87.31300354,78.57975006,23670.51172,892.881958,1195.171997,295.3304443,8,4,1013.284058,365.3294678,0.270000011,0.189596087,189.2903595,1186.414917,1094.256348,17208.85742,819.5993042,1.517460942,33.85742188,558.897583,94.03934479,97.98538971,140.824173,490.8130798,415.581604,43.83164978,343.5128174,429.3258057,5,2.314814806,0.180999994,6.589988708,1,231.8762512,0,0.403390646,2.109175682,371.2311707,7.146715641,-347.5195313,184.3999939,7.644935608,269.1731567,2.481445313,9726.392578,304.4256287,127.7999954,2.156132698,1347.593628
2021/6/12 0:09,65.5,87.27700043,78.59488678,23676.08008,893.0960083,1192.611084,301.2832642,8,4,1013.149292,365.3916016,0.25,0.177435815,189.2451477,1183.883057,1095.775513,17206.63477,819.4921875,1.437070251,33.85742188,559.071167,93.67765808,97.97092438,140.8446655,492.621521,419.5601807,43.83906555,343.5672607,431.1342468,5,3.240740776,0.153999999,6.618923664,1,231.958847,0,0.403390646,2.100305796,373.1582642,7.133315086,-351.3867188,184.3999939,7.707435608,267.9768372,2.512265682,9787.395508,304.3721008,127.7999954,2.180547476,1346.918701
2021/6/12 0:09,65.5,87.27700043,78.57975006,23676.08008,893.0960083,1195.579468,305.367157,8,4,1012.992981,365.3294678,0.25,0.232658356,189.281311,1189.199951,1104.383667,17203.30859,819.331665,1.429335952,33.85742188,559.071167,95.84780121,97.98538971,140.7878265,506.0040588,445.963562,43.56101608,343.5723267,444.1550598,5,3.703703642,0.153999999,6.597222328,1,231.9330902,0,0.403390646,2.562354565,372.9976807,7.168152332,-350.5078125,184.3999939,7.772196293,267.9768372,2.482148409,9787.395508,304.5862122,127.7999954,2.185430527,1348.043701
2021/6/12 0:09,66,87.27700043,78.57975006,23673.29688,892.9890137,1186.150513,298.8778992,8,4,1012.902466,365.2673645,0.25,0.207413346,189.3355713,1186.668091,1104.890015,17207.74414,819.5457153,1.428632736,33.85742188,559.288208,95.84780121,97.98176575,140.8135986,502.387146,425.347229,43.83536148,343.5970154,440.8998718,5,2.083333492,0.153999999,6.597222328,1,231.958847,0,0.403390646,2.601876974,372.9441833,7.176329613,-357.8320313,184.3999939,7.894935608,267.9768372,2.479921818,9821.320313,304.5862122,127.7999954,2.153691292,1347.818726
2021/6/12 0:09,66.5,87.27700043,78.39811707,23678.86523,893.203125,1189.497192,304.5365295,8,4,1012.767822,365.2984009,0.25,0.19514887,189.3265381,1185.149048,1100.839111,17201.08789,819.2245483,1.427343726,33.85742188,559.288208,96.20948792,97.94921875,140.7620392,500.2170105,438.7297363,43.68706894,343.5970154,436.9212952,5,2.083333492,0.153999999,6.626157284,1,231.8762512,0,0.403390646,2.616582155,373.1047363,7.179450512,-356.4257813,184.3999939,8.046652794,268.5750122,2.516484261,9824.883789,304.2650452,127.7999954,2.1658988,1347.593628
2021/6/12 0:09,67,87.27700043,78.77148438,23677.47266,893.1495972,1189.497192,306.8553467,8,4,1012.711548,365.3294678,0.25,0.210036442,189.3717499,1185.149048,1107.421875,17203.30859,819.331665,1.42792964,33.85742188,559.331604,98.01793671,97.98538971,140.7878265,509.6209412,446.3252563,43.55360413,343.5672607,448.1336975,5,2.546296358,0.153999999,6.611690044,1,231.9020233,0,0.403390646,2.620731592,373.1047363,7.182184219,-353.0859375,184.3999939,8.104632378,268.5750122,2.49785161,9792.759766,304.479187,127.7999954,2.148808241,1348.043701
2021/6/12 0:10,68,87.27700043,78.58984375,23678.86523,893.203125,1193.542358,314.4953918,8,4,1012.654053,365.3916016,0.25,0.169034854,189.3265381,1185.149048,1110.206909,17206.63477,819.4921875,1.421484351,33.85742188,559.288208,97.65625,97.98176575,140.7878265,515.0463257,439.0914307,43.69077301,343.5375061,451.3888855,5,2.546296358,0.153999999,6.611690044,1,231.8709717,0,0.403390646,2.64752984,373.0512085,7.156337738,-351.4453125,184.3999939,8.230762482,268.5750122,2.50042963,9776.658203,304.318573,127.7999954,2.163457155,1347.593628
2021/6/12 0:10,68.5,86.98799896,78.58984375,23677.47266,893.1495972,1187.692993,308.1531982,8,4,1012.542358,365.2984009,0.25,0.214514464,189.3355713,1182.617188,1111.472778,17203.30859,819.331665,1.417500019,33.85742188,559.331604,97.65625,97.98176575,140.7878265,515.0463257,457.1759338,43.5573082,343.5375061,449.9421387,5,2.314814806,0.136000007,6.63339138,1,231.8709717,0,0.403390646,2.681492567,372.9441833,7.161560059,-348.4570313,184.3999939,8.35350132,268.5750122,2.465976477,9758.735352,304.318573,127.7999954,2.14392519,1348.268799
2021/6/12 0:10,68,86.98799896,78.76644135,23680.25977,893.2566528,1189.497192,297.7357788,8,4,1012.47522,365.2984009,0.25,0.2297654,189.3807831,1174.515381,1108.687744,17205.52539,819.4386597,1.41492188,33.85742188,559.331604,98.37962341,97.98176575,140.7878265,513.237854,445.963562,43.55360413,343.4780273,447.7720032,5,2.083333492,0.136000007,6.611690044,1,231.8709717,0,0.403390646,2.302396536,373.0512085,6.935504436,-347.1679688,184.3999939,8.42052269,267.9768372,2.479453087,9740.779297,304.800354,127.7999954,2.14392519,1347.593628
2021/6/12 0:10,68.5,86.98799896,78.57975006,23674.68945,893.0426025,1186.354248,301.5947266,8,4,1012.430176,365.3916016,0.25,0.232186094,189.3355713,1171.983521,1108.687744,17204.41602,819.3850708,1.408242106,33.85742188,559.331604,98.37962341,97.97814941,140.8189087,511.067688,435.112854,43.69077301,343.4482727,446.3252563,5,2.546296358,0.136000007,6.626157284,1,231.8709717,0,0.403390646,2.328899145,373.2653198,6.907181263,-352.2070313,184.3999939,8.475111008,268.5750122,2.480390549,9767.700195,304.5326843,127.7999954,2.139042377,1347.593628
2021/6/12 0:10,69,86.98799896,78.22151947,23673.29688,892.9890137,1185.452148,301.0669556,8,4,1012.373901,365.4226685,0.25,0.247253373,189.3807831,1180.338623,1117.802368,17205.52539,819.4386597,1.40320313,33.85742188,559.331604,100.1880798,97.98538971,140.8499603,523.003479,474.5370483,43.28296661,343.3887939,457.5376282,5,2.314814806,0.136000007,6.582755089,1,231.8709717,0,0.403390646,2.355348349,371.1776733,6.912091732,-353.90625,184.3999939,8.60350132,269.1731567,2.473359346,9769.492188,304.5862122,127.7999954,2.136600971,1347.368774
2021/6/12 0:10,69.5,86.98799896,78.41324615,23678.86523,893.203125,1173.229492,293.5047913,8,4,1012.373901,365.4226685,0.25,0.175856754,189.3807831,1187.680786,1118.055542,17203.30859,819.331665,1.400390625,33.85742188,559.288208,99.82639313,97.98538971,140.8810425,526.6203613,464.409729,43.41643143,343.3292847,460.7928162,5,2.546296358,0.136000007,6.582755089,1,231.9020233,0,0.403390646,2.372793198,373.1582642,6.93301487,-362.8710938,184.3999939,8.671652794,268.5750122,2.498789072,9832.009766,304.4256287,127.7999954,2.139042377,1347.368774
2021/6/12 0:11,69.5,86.98799896,78.21646881,23680.25977,893.2566528,1175.237427,304.1298828,8,4,1012.317566,365.4226685,0.25,0.206852257,189.3898315,1194.769897,1123.119263,17206.63477,819.4921875,1.396875024,33.85742188,559.288208,101.6348419,97.95645142,140.9120941,534.2158813,485.3877563,43.41643143,343.2450867,468.75,5,2.546296358,0.136000007,6.611690044,1,231.8709717,0,0.404750019,2.372819901,373.1582642,6.921686172,-361.2304688,184.3999939,8.730762482,268.5750122,2.489179611,9833.790039,304.4256287,127.7999954,2.153691292,1347.818726
2021/6/12 0:11,69.5,85.65000153,78.03482819,23671.9043,892.9354858,1171.221436,294.6815186,8,4,1012.317566,365.4226685,0.25,0.205392748,189.3265381,1202.365479,1132.233765,17205.52539,819.4386597,1.396992207,33.85742188,559.331604,103.4432831,97.99985504,140.9742279,550.8535767,500.9403687,43.14208984,343.1855774,483.5792542,5,2.546296358,0.180999994,6.618923664,1,231.8398895,0,0.405921906,2.355999708,372.9976807,6.922323227,-362.4023438,184.3999939,8.730762482,268.5750122,2.487421751,9844.463867,304.479187,127.7999954,2.153691292,1347.368774
2021/6/12 0:11,69,85.65000153,77.83300781,23674.68945,893.0426025,1173.229492,296.9138184,8,4,1012.317566,365.4226685,0.25,0.23493211,189.3807831,1208.948242,1136.537964,17211.07422,819.7062988,1.395703077,33.85742188,559.288208,105.2517319,97.97814941,141.0052948,558.4490967,508.1741943,43.1495018,343.180542,491.536438,5,2.083333492,0.180999994,6.553819656,1,231.8398895,0,0.40796876,2.462796211,372.5694275,6.542356014,-359.53125,184.3999939,8.730762482,268.5750122,2.515078068,9832.009766,304.479187,127.7999954,2.1658988,1348.268799
2021/6/12 0:11,68.5,85.65000153,77.83300781,23676.08008,893.0960083,1167.205444,291.6705017,8,4,1012.317566,365.4226685,0.25,0.247118443,189.3807831,1215.531006,1137.803833,17204.41602,819.3850708,1.379179716,33.85742188,559.288208,107.421875,97.98900604,141.0363617,565.6828613,513.5995483,43.1532135,343.1210327,496.9618225,5,2.546296358,0.180999994,6.553819656,1,231.8088226,0,0.40796876,2.437052011,373.2118225,6.547798157,-361.2304688,184.3999939,8.60350132,268.5750122,2.457304716,9878.195313,304.2650452,127.7999954,2.1658988,1347.368774
2021/6/12 0:11,68,85.65000153,77.46468353,23674.68945,893.0426025,1179.690063,317.8438416,8,4,1012.272278,365.4226685,0.25,0.217780143,189.3807831,1222.873291,1146.665161,17204.41602,819.3850708,1.377656221,33.85742188,559.288208,109.2303238,97.97814941,141.0931702,577.256958,536.7476807,42.87516403,343.1282959,511.7910767,5,2.546296358,0.180999994,6.611690044,1,231.8345947,0,0.40796876,2.4167068,373.1047363,6.519851208,-343.4765625,184.3999939,8.609152794,268.5750122,2.482499838,9776.658203,304.5862122,127.7999954,2.163457155,1346.243652
2021/6/12 0:11,68.5,85.65000153,78.01464844,23680.25977,893.2566528,1183.444092,305.4450378,8,4,1012.205078,365.3294678,0.25,0.262563109,189.4260101,1222.366943,1154.766968,17203.30859,819.331665,1.378828049,33.85742188,559.071167,111.4004669,97.98176575,141.1295471,588.4692993,519.3865967,42.87145615,343.0317993,523.003479,5,2.314814806,0.180999994,6.575520992,1,231.777771,0,0.40796876,2.435749531,371.0170593,6.533198833,-340.8984375,184.1000061,8.610283852,268.5750122,2.482382774,9731.790039,304.4256287,127.5,2.170781612,1347.818726
2021/6/12 0:12,68,85.65000153,78.01969147,23676.08008,893.0960083,1185.452148,302.5897522,8,4,1012.092529,365.3916016,0.25,0.218060687,189.4260101,1222.113647,1157.045776,17203.30859,819.331665,1.380117178,33.85742188,559.288208,112.8472214,97.98538971,141.1606293,590.6394653,504.1956177,43.00492096,342.97229,528.7905273,5,2.77777791,0.180999994,6.597222328,1,231.777771,0,0.40796876,2.428860188,372.9976807,6.561720371,-338.1445313,184.1000061,8.606892586,269.1731567,2.471601486,9706.572266,304.5326843,127.5,2.173223019,1347.143555
2021/6/12 0:12,68.5,85.14299774,77.82795715,23677.47266,893.1495972,1191.039673,317.2554626,8,4,1011.97998,365.3916016,0.239999995,0.204378128,189.3807831,1224.645508,1149.450195,17204.41602,819.3850708,1.37718749,33.85742188,559.331604,111.038765,97.97814941,141.2174377,579.0653687,506.0040588,43.0160408,342.8830566,517.578125,5,2.546296358,0.144999996,6.618923664,1,231.7724609,0,0.40796876,2.441772461,373.1047363,6.544666767,-330.234375,184.1000061,8.610283852,267.9768372,2.486015558,9646.874023,304.3721008,127.5,2.170781612,1346.693604
2021/6/12 0:12,67,85.14299774,77.6412735,23677.47266,893.1495972,1183.444092,297.6838684,8,4,1011.754883,365.3294678,0.239999995,0.176391795,189.4260101,1224.645508,1145.652466,17205.52539,819.4386597,1.375898361,33.85742188,559.331604,109.2303238,97.97814941,141.2227478,575.086792,517.9398193,43.0160408,342.8533325,513.5995483,5,2.314814806,0.144999996,6.597222328,1,231.7467041,0,0.40796876,2.31569171,373.0512085,6.627733231,-333.6328125,184.3999939,8.672783852,269.1731567,2.492695332,9646.874023,304.4256287,127.7999954,2.185430527,1348.268799
2021/6/12 0:12,67.5,85.14299774,77.83805084,23671.9043,892.9354858,1183.415039,301.4995728,8,4,1011.529724,365.3916016,0.239999995,0.220617652,189.4712219,1224.645508,1150.463013,17204.41602,819.3850708,1.381757736,33.85742188,559.288208,111.038765,97.98900604,141.3106232,579.427063,508.1741943,43.1495018,342.8235779,519.3865967,5,2.77777791,0.144999996,6.561053753,1,231.7724609,0,0.40796876,2.332075357,373.2118225,6.63181448,-335.859375,184.3999939,8.735283852,268.5750122,2.470195293,9681.291016,304.3721008,127.7999954,2.190313578,1347.368774
2021/6/12 0:12,67.5,85.14299774,77.83805084,23678.86523,893.203125,1177.536499,295.1487427,8,4,1011.270874,365.4226685,0.239999995,0.190811783,189.4169617,1224.645508,1147.93103,17207.74414,819.5457153,1.384570241,33.85742188,559.331604,109.2303238,97.98538971,141.3159485,573.6400757,503.1105042,43.1532135,342.7938232,516.1313477,5,2.083333492,0.144999996,6.589988708,1,231.7467041,0,0.40796876,2.331209421,372.9976807,6.642071247,-340.8984375,184.1000061,8.73302269,268.5750122,2.509101391,9702.964844,304.5326843,127.5,2.163457155,1347.368774
2021/6/12 0:12,67,85.14299774,77.6412735,23676.08008,893.0960083,1179.34082,302.3042297,8,4,1010.978271,365.2984009,0.239999995,0.17534776,189.4260101,1226.164673,1146.918335,17205.52539,819.4386597,1.396406174,33.85742188,559.288208,109.2303238,97.97454071,141.3780823,573.2783813,520.1099243,43.01233292,342.7938232,514.322937,5,2.546296358,0.144999996,6.626157284,1,231.7467041,0,0.40796876,2.319868088,373.2653198,6.627590656,-342.0703125,184.1000061,8.671652794,268.5750122,2.484257698,9711.982422,304.63974,127.5,2.156132698,1347.143555
2021/6/12 0:13,66.5,85.14299774,77.83805084,23677.47266,893.1495972,1175.382935,291.7051086,8,4,1010.72052,365.3605347,0.239999995,0.20382905,189.5164185,1225.911377,1145.652466,17199.97852,819.1710205,1.415624976,33.85742188,559.288208,108.8686371,97.98538971,141.4402161,573.2783813,519.3865967,43.01233292,342.8235779,513.5995483,5,2.314814806,0.144999996,6.611690044,1,231.777771,0,0.40796876,2.295292616,373.1047363,6.644668579,-346.1132813,184.1000061,8.60802269,267.9768372,2.49609375,9762.322266,304.479187,127.5,2.175664663,1347.368774
2021/6/12 0:13,65.5,85.14299774,78.03482819,23674.68945,893.0426025,1175.237427,296.3860168,8,4,1010.645813,365.4226685,0.239999995,0.185206905,189.5073853,1226.417847,1147.677979,17203.30859,819.331665,1.416093707,33.85742188,559.331604,109.2303238,97.98538971,141.4712677,577.256958,508.1741943,43.14579773,342.8533325,517.578125,5,2.314814806,0.144999996,6.517650127,1,231.777771,0,0.40796876,2.248498201,373.4259033,6.64559412,-346.5820313,184.1000061,8.417132378,268.5750122,2.49433589,9787.395508,304.479187,127.5,2.204962254,1348.268799
2021/6/12 0:13,64,85.14299774,78.01464844,23674.68945,893.0426025,1175.237427,295.1919861,8,4,1010.869873,365.3605347,0.239999995,0.180900544,189.5254517,1225.151978,1145.90564,17206.63477,819.4921875,1.422187448,33.85742188,559.331604,109.2303238,97.98176575,141.5334015,573.6400757,491.1747437,43.28296661,342.8583679,515.40802,5,2.546296358,0.144999996,6.589988708,1,231.777771,0,0.40796876,2.143843651,373.0512085,6.627902985,-348.8671875,184.1000061,8.105762482,267.9768372,2.506523371,9823.101563,304.5326843,127.5,2.192754984,1347.593628
2021/6/12 0:13,63,85.14299774,78.0247345,23673.29688,892.9890137,1172.531006,293.106781,8,4,1011.023682,365.3605347,0.239999995,0.218986481,189.5616302,1222.113647,1144.133423,17203.30859,819.331665,1.440937519,33.85742188,559.244812,108.8686371,97.98900604,141.5644684,571.1082153,497.6851807,43.29038239,342.9476013,512.152771,5,2.546296358,0.144999996,6.626157284,1,231.777771,0,0.40796876,2.111995935,373.1582642,6.636760712,-349.3945313,184.1000061,7.834696293,267.9768372,2.46527338,9833.790039,304.5862122,127.5,2.180547476,1347.368774
2021/6/12 0:13,62,83.17199707,78.02978516,23678.86523,893.203125,1173.229492,292.0166016,8,4,1011.050171,365.4226685,0.239999995,0.175254241,189.5616302,1219.581909,1141.601563,17205.52539,819.4386597,1.490859389,33.85742188,559.331604,107.421875,97.98900604,141.6265869,566.0445557,498.7702637,43.14579773,343.061554,508.5358887,5,2.314814806,0.144999996,6.575520992,1,231.7467041,0,0.40796876,2.074534893,372.9976807,6.640878677,-349.3945313,184.3999939,7.618206978,267.9768372,2.498554707,9824.883789,304.5326843,127.7999954,2.175664663,1347.593628
2021/6/12 0:13,61.5,83.17199707,78.01969147,23671.9043,892.9354858,1169.213501,292.6482239,8,4,1011.217163,365.3605347,0.239999995,0.17430374,189.552597,1217.050049,1140.335693,17204.41602,819.3850708,1.505859375,33.85742188,559.288208,107.421875,97.98538971,141.6576691,562.065979,487.5578613,43.28667831,343.1558228,506.3657532,5,2.546296358,0.144999996,6.575520992,1,231.7156372,0,0.406953156,2.054404259,372.9976807,6.608344555,-350.5078125,184.3999939,7.556837082,268.5750122,2.494570255,9823.101563,304.5862122,127.7999954,2.173223019,1347.593628
2021/6/12 0:14,61.75,83.17199707,78.0247345,23680.25977,893.2566528,1182.192749,293.1846619,8,4,1011.489624,365.3294678,0.239999995,0.227708071,189.606842,1220.847778,1139.322998,17205.52539,819.3850708,1.553906202,33.85742188,559.288208,107.0601883,97.98538971,141.6887207,562.065979,482.4942017,43.28296661,343.2400513,504.557312,5,2.314814806,0.144999996,6.618923664,1,231.6535187,0,0.406953156,2.075998545,371.124115,6.601736546,-338.3789063,184.3999939,7.522761345,268.5750122,2.490937471,9749.761719,304.2650452,127.7999954,2.170781612,1347.593628
2021/6/12 0:14,61.75,83.17199707,78.21646881,23670.51172,892.881958,1171.221436,297.09552,8,4,1011.663269,365.4226685,0.239999995,0.174973696,189.5977936,1214.265015,1139.069702,17205.52539,819.4386597,1.563749909,33.85742188,559.331604,107.0601883,97.97814941,141.7197876,560.6192017,477.7922363,43.28667831,343.3292847,502.387146,5,2.314814806,0.144999996,6.597222328,1,231.6224365,0,0.406953156,2.078033209,373.1047363,6.623701096,-344.53125,184.3999939,7.526717663,267.9768372,2.488242149,9787.395508,304.5862122,127.7999954,2.170781612,1347.818726
2021/6/12 0:14,58.75,83.17199707,78.22151947,23677.47266,893.1495972,1174.306274,307.4177551,8,4,1011.935669,365.4226685,0.239999995,0.149224386,189.606842,1210.467285,1137.550659,17211.07422,819.7062988,1.569374919,33.85742188,559.375,107.421875,97.98900604,141.7766113,558.4490967,487.9195557,43.28296661,343.3641052,501.302063,5,2.77777791,0.144999996,6.575520992,1,231.5860596,0,0.406953156,2.276249886,373.0512085,6.603833199,-339.84375,184.3999939,7.619902134,268.5750122,2.515781164,9751.556641,304.5862122,127.7999954,2.173223019,1347.593628
2021/6/12 0:14,59.25,83.17199707,78.21142578,23676.08008,893.0960083,1171.221436,289.4901123,8,4,1012.111511,365.3294678,0.239999995,0.190759689,189.6611023,1205.150513,1132.233765,17203.30859,819.331665,1.571249962,33.85742188,559.288208,105.6134262,97.98176575,141.7508545,550.8535767,479.9623718,43.28296661,343.423584,495.1533813,5,2.546296358,0.144999996,6.539351463,1,231.5292511,0,0.407984406,2.293284893,372.9441833,7.258831501,-340.4296875,184.3999939,7.710261345,267.9768372,2.476289034,9749.761719,304.4256287,127.7999954,2.180547476,1346.918701
2021/6/12 0:14,59.75,78.75900269,78.22151947,23680.25977,893.2566528,1169.213501,291.0648193,8,4,1012.458679,365.3916016,0.25,0.165556088,189.6430054,1201.099487,1130.967896,17199.97852,819.1710205,1.571718693,33.85742188,559.288208,105.6134262,97.92751312,141.7508545,548.6834717,484.3026733,43.42013931,343.5077515,493.3448792,5,2.546296358,0.153999999,6.626157284,1,231.4671021,0,0.407984406,2.307634115,373.3188782,7.263570309,-341.5429688,184.3999939,7.834696293,267.9768372,2.485781193,9767.700195,304.479187,127.7999954,2.1658988,1347.368774
2021/6/12 0:14,60.5,78.75900269,78.22151947,23677.47266,893.1495972,1171.221436,296.9830322,8,4,1012.660828,365.4226685,0.25,0.194733396,189.606842,1203.631348,1133.499756,17205.52539,819.4386597,1.57160151,33.85742188,559.331604,105.2517319,97.98538971,141.7455444,550.8535767,478.1539307,43.4238472,343.5672607,492.9831848,5,2.546296358,0.153999999,6.589988708,1,231.4618225,0,0.407984406,2.342113972,373.2118225,7.270682812,-340.4296875,184.1000061,7.960826397,269.1731567,2.46175766,9776.658203,304.318573,127.5,2.173223019,1346.918701
2021/6/12 0:15,61.25,78.75900269,78.0247345,23670.51172,892.881958,1175.237427,302.3821106,8,4,1012.865295,365.3605347,0.25,0.197985038,189.6520538,1208.948242,1138.816528,17202.19727,819.2780762,1.573593736,33.85742188,559.244812,107.421875,97.98538971,141.7144928,560.2575073,512.5144653,43.1495018,343.6267395,504.9190063,5,2.314814806,0.153999999,6.561053753,1,231.4307556,0,0.406968772,2.360532045,373.2118225,7.271060467,-330.1757813,184.1000061,8.171652794,268.5750122,2.466093779,9693.941406,304.4256287,127.5,2.175664663,1347.593628
2021/6/12 0:15,62,78.75900269,77.83805084,23677.47266,893.1495972,1175.237427,295.0103149,8,4,1013.034485,365.3916016,0.25,0.21463871,189.6882172,1218.31604,1141.348389,17205.52539,819.4386597,1.570078135,33.85742188,559.288208,107.421875,97.98538971,141.6523438,564.236145,492.2598267,43.28667831,343.6564941,509.6209412,5,2.314814806,0.153999999,6.611690044,1,231.3996735,0,0.406968772,2.402740479,371.0170593,7.278686523,-331.9335938,184.3999939,8.29552269,268.5750122,2.477578163,9683.097656,304.4256287,127.7999954,2.180547476,1347.593628
2021/6/12 0:15,62,78.75900269,78.02978516,23673.29688,892.9890137,1194.793701,311.8996887,8,4,1013.150879,365.4848022,0.25,0.202197894,189.6430054,1218.062744,1138.816528,17198.86914,819.1174316,1.527890563,33.85742188,559.114563,107.421875,97.98538971,141.5955353,560.6192017,463.6863098,43.41643143,343.6318054,506.7274475,5,3.240740776,0.153999999,6.626157284,1,231.3117981,0,0.406968772,2.417035818,371.284729,7.267019749,-318.3398438,184.3999939,8.423913956,267.9768372,2.568046808,9579.495117,304.3721008,127.7999954,2.175664663,1347.368774
2021/6/12 0:15,62.5,78.75900269,77.81787109,23676.08008,893.0960083,1195.579468,309.1828308,8,4,1012.880615,365.3605347,0.25,0.218357921,189.6882172,1218.062744,1136.537964,17209.96289,819.65271,1.520976543,33.85742188,559.071167,105.2517319,97.98538971,141.5280762,555.1938477,476.3454895,43.29038239,343.693512,500.9403687,5,3.472222328,0.153999999,6.553819656,1,231.2754059,0,0.406968772,2.419668198,371.0706177,6.940086842,-312.8320313,184.3999939,8.613674164,267.9768372,2.512851477,9539.206055,304.63974,127.7999954,2.180547476,1347.818726
2021/6/12 0:15,63,78.75900269,77.82795715,23673.29688,892.9890137,1188.857056,309.3991394,8,4,1012.726807,365.3916016,0.25,0.205569103,189.6972656,1219.581909,1137.297485,17201.08789,819.2245483,1.508437514,33.85742188,559.157959,105.6134262,97.98538971,141.4091339,554.8321533,504.9190063,43.1532135,343.7160034,502.387146,5,2.77777791,0.153999999,6.517650127,1,231.1875305,0,0.406968772,2.463044882,373.1047363,6.968617916,-318.984375,184.3999939,8.67052269,267.9768372,2.532773495,9579.495117,304.5326843,128.3999939,2.170781612,1347.593628
2021/6/12 0:15,63.25,78.75900269,77.64631653,23673.29688,892.9890137,1186.907227,309.7885132,8,4,1012.480713,365.4848022,0.25,0.162959039,189.6972656,1226.164673,1141.601563,17203.30859,819.331665,1.488046885,33.85742188,559.071167,107.421875,97.96730042,141.3470001,559.1724243,503.1105042,43.14579773,343.7827759,506.3657532,5,2.546296358,0.153999999,6.618923664,1,231.1564636,0,0.406968772,2.459975958,373.1047363,6.940196037,-317.8710938,184.3999939,8.73302269,269.1731567,2.526210785,9570.353516,304.5326843,127.7999954,2.163457155,1347.143555
